district_id,voucher_area
2400060,baltimore
2400090,baltimore
2400120,baltimore
2400210,baltimore
2400390,baltimore
2400420,baltimore
2502530,berkshire county
2505760,berkshire county
2506690,berkshire county
2506750,berkshire county
2508160,berkshire county
2509630,berkshire county
2510080,berkshire county
2511040,berkshire county
2525006,berkshire county
2525013,berkshire county
2500067,boston
2500541,boston
2501710,boston
2501740,boston
2501860,boston
2501950,boston
2501980,boston
2502100,boston
2502190,boston
2502400,boston
2502490,boston
2502520,boston
2502790,boston
2502880,boston
2502940,boston
2503030,boston
2503150,boston
2503270,boston
2503300,boston
2503330,boston
2503780,boston
2503840,boston
2503870,boston
2504050,boston
2504200,boston
2504260,boston
2504290,boston
2504410,boston
2504440,boston
2504620,boston
2504950,boston
2505010,boston
2505220,boston
2505610,boston
2505670,boston
2505790,boston
2505880,boston
2506090,boston
2506150,boston
2506240,boston
2506330,boston
2506390,boston
2506510,boston
2506540,boston
2506840,boston
2506900,boston
2506930,boston
2506960,boston
2507140,boston
2507170,boston
2507230,boston
2507290,boston
2507410,boston
2507470,boston
2507530,boston
2507590,boston
2507620,boston
2507680,boston
2507830,boston
2507920,boston
2507980,boston
2508310,boston
2508340,boston
2508370,boston
2508580,boston
2508610,boston
2508640,boston
2508700,boston
2508730,boston
2508820,boston
2508910,boston
2509000,boston
2509030,boston
2509060,boston
2509150,boston
2509420,boston
2509450,boston
2509690,boston
2509780,boston
2509870,boston
2509990,boston
2510140,boston
2510200,boston
2510560,boston
2510590,boston
2510620,boston
2510830,boston
2510860,boston
2510890,boston
2510980,boston
2511220,boston
2511340,boston
2511460,boston
2511580,boston
2511740,boston
2511910,boston
2511970,boston
2512210,boston
2512270,boston
2512420,boston
2512660,boston
2512750,boston
2512810,boston
2513050,boston
2513110,boston
2513170,boston
2513290,boston
2525010,boston
3602430,buffalo
3602550,buffalo
3602920,buffalo
3603420,buffalo
3605850,buffalo
3607020,buffalo
3607230,buffalo
3607590,buffalo
3607680,buffalo
3608970,buffalo
3609030,buffalo
3609540,buffalo
3610170,buffalo
3611670,buffalo
3612390,buffalo
3612990,buffalo
3613350,buffalo
3614550,buffalo
3615360,buffalo
3616230,buffalo
3616440,buffalo
3616560,buffalo
3616680,buffalo
3618600,buffalo
3620970,buffalo
3621900,buffalo
3627000,buffalo
3628500,buffalo
3628740,buffalo
3630780,buffalo
3631470,buffalo
2500043,cape cod
2500544,cape cod
2502310,cape cod
2502820,cape cod
2502970,cape cod
2504530,cape cod
2504560,cape cod
2504650,cape cod
2504860,cape cod
2505340,cape cod
2507380,cape cod
2507440,cape cod
2508250,cape cod
2509090,cape cod
2510470,cape cod
3702970,charlotte
3904354,cleveland
3904355,cleveland
3904360,cleveland
3904364,cleveland
3904365,cleveland
3904378,cleveland
3904379,cleveland
3904395,cleveland
3904397,cleveland
3904419,cleveland
3904437,cleveland
3904452,cleveland
3904454,cleveland
3904463,cleveland
3904470,cleveland
3904475,cleveland
3904479,cleveland
3904484,cleveland
3904500,cleveland
3904506,cleveland
3904528,cleveland
3904655,cleveland
3904656,cleveland
3904657,cleveland
3904659,cleveland
3904660,cleveland
3910016,cleveland
3910017,cleveland
3904674,columbus
3904702,columbus
3904362,columbus
3904699,columbus
3904676,columbus
3904701,columbus
3904513,columbus
3904696,columbus
3904407,columbus
3904493,columbus
3904504,columbus
4807890,dallas
4808340,dallas
4808910,dallas
4809030,dallas
4809200,dallas
4810590,dallas
4812180,dallas
4813020,dallas
4813050,dallas
4813290,dallas
4814850,dallas
4815210,dallas
4815510,dallas
4815910,dallas
4817640,dallas
4817700,dallas
4818540,dallas
4819080,dallas
4819170,dallas
4819560,dallas
4820010,dallas
4823250,dallas
4824060,dallas
4824450,dallas
4825260,dallas
4825500,dallas
4825980,dallas
4826430,dallas
4827210,dallas
4827300,dallas
4827720,dallas
4828380,dallas
4829580,dallas
4830120,dallas
4830600,dallas
4830780,dallas
4834110,dallas
4834920,dallas
4835100,dallas
4835310,dallas
4835850,dallas
4836000,dallas
4836660,dallas
4837650,dallas
4839180,dallas
4839570,dallas
4841880,dallas
4844730,dallas
4845540,dallas
4846530,dallas
4807780,dallas
4808670,dallas
4808700,dallas
4810230,dallas
4810350,dallas
4813170,dallas
4813230,dallas
4816230,dallas
4816740,dallas
4818600,dallas
4818810,dallas
4819700,dallas
4820040,dallas
4820340,dallas
4820960,dallas
4821420,dallas
4821660,dallas
4821960,dallas
4824420,dallas
4825200,dallas
4825320,dallas
4826490,dallas
4828680,dallas
4828920,dallas
4829850,dallas
4830390,dallas
4833180,dallas
4836240,dallas
4837020,dallas
4838220,dallas
4840470,dallas
4842450,dallas
4843140,dallas
4843890,dallas
4845670,dallas
4845950,dallas
2501710,framingham
2502100,framingham
2502580,framingham
2502670,framingham
2503300,framingham
2503330,framingham
2503510,framingham
2503840,framingham
2503870,framingham
2504050,framingham
2504260,framingham
2504290,framingham
2504620,framingham
2504950,framingham
2504980,framingham
2505010,framingham
2505500,framingham
2506240,framingham
2506330,framingham
2506390,framingham
2506510,framingham
2506900,framingham
2506930,framingham
2506960,framingham
2507230,framingham
2507500,framingham
2507530,framingham
2507590,framingham
2507680,framingham
2507860,framingham
2507920,framingham
2508310,framingham
2508340,framingham
2508370,framingham
2508640,framingham
2508730,framingham
2508910,framingham
2509060,framingham
2509690,framingham
2510620,framingham
2510710,framingham
2510980,framingham
2511250,framingham
2511340,framingham
2511970,framingham
2512210,framingham
2512270,framingham
2512600,framingham
2512660,framingham
2512750,framingham
2512810,framingham
2513290,framingham
4807710,houston
4807830,houston
4808090,houston
4813590,houston
4814280,houston
4815000,houston
4815750,houston
4816110,houston
4816410,houston
4816530,houston
4817070,houston
4819650,houston
4819950,houston
4820250,houston
4821150,houston
4823640,houston
4823820,houston
4823910,houston
4825170,houston
4825740,houston
4826190,houston
4826580,houston
4828740,houston
4832400,houston
4834320,houston
4834440,houston
4838190,houston
4839270,houston
4839990,houston
4841100,houston
4841220,houston
4841350,houston
4842960,houston
4844430,houston
4844470,houston
3606420,ithaca
3609330,ithaca
3613020,ithaca
3615570,ithaca
3616710,ithaca
3619800,ithaca
3620670,ithaca
3620790,ithaca
3621630,ithaca
3627570,ithaca
3627750,ithaca
3628980,ithaca
2604530,kent
2607560,kent
2607620,kent
2608520,kent
2610620,kent
2612480,kent
2614610,kent
2616110,kent
2616440,kent
2616470,kent
2616500,kent
2617160,kent
2620160,kent
2620280,kent
2622050,kent
2625950,kent
2630030,kent
2632370,kent
2636570,kent
2620310,kent
2620340,kent
2620910,kent
2620980,kent
2633810,kent
2633930,kent
2635550,kent
0600001,los angeles
0600025,los angeles
0600153,los angeles
0601428,los angeles
0601620,los angeles
0602820,los angeles
0602970,los angeles
0603600,los angeles
0604110,los angeles
0604440,los angeles
0604830,los angeles
0605610,los angeles
0606037,los angeles
0607740,los angeles
0607920,los angeles
0608190,los angeles
0608760,los angeles
0609620,los angeles
0610050,los angeles
0610260,los angeles
0611460,los angeles
0611520,los angeles
0611850,los angeles
0612090,los angeles
0612120,los angeles
0612210,los angeles
0614760,los angeles
0614940,los angeles
0615240,los angeles
0615270,los angeles
0615600,los angeles
0616325,los angeles
0617040,los angeles
0617880,los angeles
0620130,los angeles
0621000,los angeles
0621210,los angeles
0621930,los angeles
0622500,los angeles
0622710,los angeles
0623010,los angeles
0625320,los angeles
0625470,los angeles
0626190,los angeles
0627180,los angeles
0627690,los angeles
0629580,los angeles
0629700,los angeles
0629850,los angeles
0629940,los angeles
0631320,los angeles
0633570,los angeles
0633750,los angeles
0634425,los angeles
0634860,los angeles
0635700,los angeles
0635970,los angeles
0637500,los angeles
0637560,los angeles
0638220,los angeles
0638980,los angeles
0639420,los angeles
0640650,los angeles
0641280,los angeles
0642000,los angeles
0642120,los angeles
0642450,los angeles
0642480,los angeles
0642510,los angeles
2500067,lowell-lawrence
2501710,lowell-lawrence
2501860,lowell-lawrence
2501950,lowell-lawrence
2502640,lowell-lawrence
2502670,lowell-lawrence
2502880,lowell-lawrence
2503330,lowell-lawrence
2503510,lowell-lawrence
2503870,lowell-lawrence
2503990,lowell-lawrence
2504320,lowell-lawrence
2505220,lowell-lawrence
2505500,lowell-lawrence
2505670,lowell-lawrence
2505970,lowell-lawrence
2506480,lowell-lawrence
2506960,lowell-lawrence
2507140,lowell-lawrence
2507260,lowell-lawrence
2507410,lowell-lawrence
2507740,lowell-lawrence
2508580,lowell-lawrence
2508700,lowell-lawrence
2508790,lowell-lawrence
2509360,lowell-lawrence
2509450,lowell-lawrence
2510380,lowell-lawrence
2510500,lowell-lawrence
2511430,lowell-lawrence
2511580,lowell-lawrence
2511670,lowell-lawrence
2511740,lowell-lawrence
2511760,lowell-lawrence
2512660,lowell-lawrence
2602790,macomb
2603240,macomb
2608580,macomb
2609570,macomb
2614820,macomb
2620880,macomb
2621120,macomb
2621870,macomb
2623490,macomb
2625230,macomb
2629940,macomb
2630090,macomb
2632220,macomb
2632670,macomb
2634260,macomb
2634470,macomb
2634680,macomb
2635220,macomb
2699997,macomb
2602670,macomb
2610080,macomb
2612450,macomb
2624690,macomb
2627240,macomb
2629670,macomb
2630210,macomb
2635190,macomb
5500013,milwaukee
5501770,milwaukee
5501800,milwaukee
5503060,milwaukee
5503510,milwaukee
5504770,milwaukee
5504800,milwaukee
5504830,milwaukee
5505460,milwaukee
5505490,milwaukee
5505910,milwaukee
5505940,milwaukee
5506000,milwaukee
5506030,milwaukee
5506140,milwaukee
5506180,milwaukee
5508130,milwaukee
5509060,milwaukee
5509240,milwaukee
5509300,milwaukee
5509360,milwaukee
5509390,milwaukee
5509600,milwaukee
5510060,milwaukee
5510170,milwaukee
5510470,milwaukee
5510710,milwaukee
5510830,milwaukee
5511350,milwaukee
5511640,milwaukee
5513260,milwaukee
5513800,milwaukee
5514040,milwaukee
5515600,milwaukee
5515700,milwaukee
5515780,milwaukee
5515990,milwaukee
5516260,milwaukee
5516620,milwaukee
5510890,milwaukee
2700123,minneapolis
2700128,minneapolis
2702640,minneapolis
2703180,minneapolis
2704050,minneapolis
2707200,minneapolis
2708100,minneapolis
2708190,minneapolis
2710170,minneapolis
2711250,minneapolis
2711370,minneapolis
2711670,minneapolis
2712270,minneapolis
2714220,minneapolis
2714260,minneapolis
2721240,minneapolis
2722920,minneapolis
2722950,minneapolis
2723850,minneapolis
2723910,minneapolis
2725080,minneapolis
2725200,minneapolis
2731750,minneapolis
2731780,minneapolis
2732070,minneapolis
2732430,minneapolis
2733330,minneapolis
2733420,minneapolis
2733540,minneapolis
2741460,minneapolis
2741910,minneapolis
2742160,minneapolis
2742360,minneapolis
2799997,minneapolis
4703180,nashville
4704530,nashville
3603720,nassau
3604410,nassau
3604740,nassau
3606540,nassau
3608010,nassau
3609840,nassau
3609960,nassau
3610050,nassau
3610980,nassau
3611160,nassau
3611550,nassau
3611760,nassau
3612510,nassau
3613290,nassau
3614280,nassau
3614340,nassau
3615480,nassau
3615510,nassau
3615810,nassau
3616830,nassau
3617160,nassau
3617700,nassau
3617730,nassau
3617910,nassau
3618270,nassau
3618630,nassau
3619020,nassau
3619110,nassau
3619500,nassau
3620400,nassau
3620940,nassau
3621120,nassau
3621540,nassau
3621570,nassau
3622290,nassau
3623190,nassau
3623220,nassau
3623580,nassau
3624780,nassau
3625050,nassau
3626370,nassau
3626400,nassau
3626520,nassau
3627300,nassau
3628560,nassau
3629850,nassau
3630660,nassau
3631710,nassau
2200840,new orleans
2201170,new orleans
2201230,new orleans
2201410,new orleans
2201650,new orleans
3611160,new york city
3612510,new york city
3620400,new york city
3620580,new york city
3626520,new york city
0900240,new-haven
0900420,new-haven
0901290,new-haven
0901800,new-haven
0901860,new-haven
0902280,new-haven
0902400,new-haven
0902520,new-haven
0902970,new-haven
0903030,new-haven
0903210,new-haven
0903660,new-haven
0904740,new-haven
0905310,new-haven
0999997,new-haven
0902790,new-haven
0904950,new-haven
2603690,oakland
2605010,oakland
2605850,oakland
2606090,oakland
2606570,oakland
2609900,oakland
2609930,oakland
2614070,oakland
2614280,oakland
2618030,oakland
2618450,oakland
2618990,oakland
2620730,oakland
2621120,oakland
2622290,oakland
2626130,oakland
2629940,oakland
2630090,oakland
2630300,oakland
2632250,oakland
2632310,oakland
2634260,oakland
2634470,oakland
2635160,oakland
2635310,oakland
2635820,oakland
2602670,oakland
2609840,oakland
2614250,oakland
2616320,oakland
2616350,oakland
2625980,oakland
2626190,oakland
2627240,oakland
2628740,oakland
2635190,oakland
3603270,orange-dutchess
3604140,orange-dutchess
3604758,orange-dutchess
3606500,orange-dutchess
3606570,orange-dutchess
3607380,orange-dutchess
3608430,orange-dutchess
3609210,orange-dutchess
3612330,orange-dutchess
3612960,orange-dutchess
3613230,orange-dutchess
3614010,orange-dutchess
3614430,orange-dutchess
3615180,orange-dutchess
3618570,orange-dutchess
3619320,orange-dutchess
3619380,orange-dutchess
3619560,orange-dutchess
3619650,orange-dutchess
3619680,orange-dutchess
3620700,orange-dutchess
3622530,orange-dutchess
3623010,orange-dutchess
3623040,orange-dutchess
3624240,orange-dutchess
3624480,orange-dutchess
3625320,orange-dutchess
3628320,orange-dutchess
3628620,orange-dutchess
3629190,orange-dutchess
3629790,orange-dutchess
3629880,orange-dutchess
3629970,orange-dutchess
3630030,orange-dutchess
3630390,orange-dutchess
4202190,pittsburgh
4202820,pittsburgh
4202850,pittsburgh
4202970,pittsburgh
4203510,pittsburgh
4204140,pittsburgh
4205040,pittsburgh
4205700,pittsburgh
4206810,pittsburgh
4207540,pittsburgh
4209090,pittsburgh
4209960,pittsburgh
4210070,pittsburgh
4210620,pittsburgh
4211400,pittsburgh
4212750,pittsburgh
4214940,pittsburgh
4215720,pittsburgh
4215830,pittsburgh
4216110,pittsburgh
4216500,pittsburgh
4217010,pittsburgh
4217220,pittsburgh
4217770,pittsburgh
4218590,pittsburgh
4219170,pittsburgh
4219350,pittsburgh
4219860,pittsburgh
4220430,pittsburgh
4220580,pittsburgh
4221200,pittsburgh
4222060,pittsburgh
4224570,pittsburgh
4225200,pittsburgh
4225590,pittsburgh
4225680,pittsburgh
3600011,rochester
3602520,rochester
3603660,rochester
3604920,rochester
3605460,rochester
3605580,rochester
3606090,rochester
3606180,rochester
3606330,rochester
3607530,rochester
3608790,rochester
3609690,rochester
3609930,rochester
3610890,rochester
3611740,rochester
3611880,rochester
3611940,rochester
3611970,rochester
3612630,rochester
3614460,rochester
3614610,rochester
3614670,rochester
3614700,rochester
3615390,rochester
3616200,rochester
3616950,rochester
3617640,rochester
3617970,rochester
3618030,rochester
3618540,rochester
3620220,rochester
3620640,rochester
3622380,rochester
3622710,rochester
3622890,rochester
3623160,rochester
3624270,rochester
3624750,rochester
3625170,rochester
3627780,rochester
3629640,rochester
3630330,rochester
3630360,rochester
3631170,rochester
3631440,rochester
0600069,san-diego
0601426,san-diego
0602100,san-diego
0606810,san-diego
0607470,san-diego
0607500,san-diego
0608610,san-diego
0609870,san-diego
0610710,san-diego
0610740,san-diego
0612750,san-diego
0613500,san-diego
0613530,san-diego
0618730,san-diego
0619110,san-diego
0619140,san-diego
0620790,san-diego
0621330,san-diego
0626100,san-diego
0631530,san-diego
0631710,san-diego
0631740,san-diego
0634380,san-diego
0634880,san-diego
0635040,san-diego
0635220,san-diego
0635880,san-diego
0636990,san-diego
0638640,san-diego
0640710,san-diego
0612880,san-diego
0612910,san-diego
0616230,san-diego
0620250,san-diego
0628250,san-diego
0634320,san-diego
0641190,san-diego
0602310,santa-clara
0604800,santa-clara
0607140,santa-clara
0607200,santa-clara
0607230,santa-clara
0610290,santa-clara
0611820,santa-clara
0613140,santa-clara
0614370,santa-clara
0614430,santa-clara
0615180,santa-clara
0620700,santa-clara
0622350,santa-clara
0622650,santa-clara
0622800,santa-clara
0622830,santa-clara
0623130,santa-clara
0624500,santa-clara
0625770,santa-clara
0625830,santa-clara
0626280,santa-clara
0626310,santa-clara
0626400,santa-clara
0627810,santa-clara
0628680,santa-clara
0629610,santa-clara
0630030,santa-clara
0634590,santa-clara
0635430,santa-clara
0635910,santa-clara
0638460,santa-clara
0640320,santa-clara
5307710,seattle
2500541,south shore
2501650,south shore
2502190,south shore
2502520,south shore
2502820,south shore
2503030,south shore
2504200,south shore
2504410,south shore
2504620,south shore
2504800,south shore
2504950,south shore
2505070,south shore
2505790,south shore
2506090,south shore
2506510,south shore
2506540,south shore
2507230,south shore
2507350,south shore
2507770,south shore
2508730,south shore
2509000,south shore
2509030,south shore
2509150,south shore
2509420,south shore
2509690,south shore
2509720,south shore
2510140,south shore
2510170,south shore
2510560,south shore
2510590,south shore
2510620,south shore
2510830,south shore
2511250,south shore
2511460,south shore
2512420,south shore
2512930,south shore
2500013,springfleld-holyoke
2500014,springfleld-holyoke
2501800,springfleld-holyoke
2501890,springfleld-holyoke
2501920,springfleld-holyoke
2502430,springfleld-holyoke
2503660,springfleld-holyoke
2503900,springfleld-holyoke
2504080,springfleld-holyoke
2504500,springfleld-holyoke
2504590,springfleld-holyoke
2505100,springfleld-holyoke
2505400,springfleld-holyoke
2505730,springfleld-holyoke
2505740,springfleld-holyoke
2505940,springfleld-holyoke
2506810,springfleld-holyoke
2506990,springfleld-holyoke
2507050,springfleld-holyoke
2507990,springfleld-holyoke
2508040,springfleld-holyoke
2508530,springfleld-holyoke
2508850,springfleld-holyoke
2509390,springfleld-holyoke
2509900,springfleld-holyoke
2510800,springfleld-holyoke
2510920,springfleld-holyoke
2510950,springfleld-holyoke
2511130,springfleld-holyoke
2511490,springfleld-holyoke
2512510,springfleld-holyoke
2512630,springfleld-holyoke
2512690,springfleld-holyoke
2512990,springfleld-holyoke
3600021,suffolk
3600125,suffolk
3602880,suffolk
3603720,suffolk
3604080,suffolk
3604110,suffolk
3605370,suffolk
3606840,suffolk
3608010,suffolk
3608130,suffolk
3608160,suffolk
3608310,suffolk
3608880,suffolk
3609660,suffolk
3609720,suffolk
3609870,suffolk
3609900,suffolk
3610680,suffolk
3610980,suffolk
3611100,suffolk
3612840,suffolk
3613290,suffolk
3613620,suffolk
3613980,suffolk
3615090,suffolk
3615540,suffolk
3615780,suffolk
3616260,suffolk
3617380,suffolk
3618630,suffolk
3618690,suffolk
3619200,suffolk
3619230,suffolk
3619410,suffolk
3620040,suffolk
3620520,suffolk
3621270,suffolk
3621540,suffolk
3621930,suffolk
3622470,suffolk
3623220,suffolk
3623490,suffolk
3624060,suffolk
3624420,suffolk
3624690,suffolk
3624840,suffolk
3625350,suffolk
3625380,suffolk
3625410,suffolk
3625920,suffolk
3626640,suffolk
3626840,suffolk
3627060,suffolk
3627300,suffolk
3627540,suffolk
3627620,suffolk
3627900,suffolk
3628200,suffolk
3628560,suffolk
3629760,suffolk
3630540,suffolk
3630690,suffolk
3631020,suffolk
3631800,suffolk
3603870,syracuse
3606690,syracuse
3606780,syracuse
3606900,syracuse
3607320,syracuse
3607470,syracuse
3608850,syracuse
3609090,syracuse
3609990,syracuse
3610860,syracuse
3614640,syracuse
3615990,syracuse
3616410,syracuse
3617520,syracuse
3617940,syracuse
3618330,syracuse
3618480,syracuse
3619800,syracuse
3621210,syracuse
3621810,syracuse
3622920,syracuse
3626940,syracuse
3627150,syracuse
3628590,syracuse
3629130,syracuse
3630630,syracuse
3603180,westchester
3605340,westchester
3605640,westchester
3606060,westchester
3606990,westchester
3608580,westchester
3609120,westchester
3610080,westchester
3610200,westchester
3610650,westchester
3612720,westchester
3613740,westchester
3613950,westchester
3614190,westchester
3615450,westchester
3616080,westchester
3616620,westchester
3618240,westchester
3619950,westchester
3620160,westchester
3620490,westchester
3621180,westchester
3622020,westchester
3622680,westchester
3623310,westchester
3623340,westchester
3623460,westchester
3624630,westchester
3625260,westchester
3625290,westchester
3625950,westchester
3627180,westchester
3628650,westchester
3629040,westchester
3629400,westchester
3631260,westchester
3631980,westchester
2502040,worcester
2502100,worcester
2502220,worcester
2502580,worcester
2502715,worcester
2503750,worcester
2504230,worcester
2504980,worcester
2505010,worcester
2505370,worcester
2505500,worcester
2506240,worcester
2506300,worcester
2506330,worcester
2506390,worcester
2506510,worcester
2506780,worcester
2506960,worcester
2507080,worcester
2507590,worcester
2507680,worcester
2507860,worcester
2507890,worcester
2508310,worcester
2508640,worcester
2508790,worcester
2508880,worcester
2508910,worcester
2510770,worcester
2510980,worcester
2511310,worcester
2511400,worcester
2511490,worcester
2511760,worcester
2511850,worcester
2511880,worcester
2512600,worcester
2512660,worcester
2513230,worcester
2513290,worcester
